{"cameraMode":{"drawMode":0,"name":"Shaded","section":"Shading Mode"},"sceneLighting":true,"audioPlay":false,"sceneViewState":{"m_AlwaysRefresh":false,"showFog":true,"showSkybox":true,"showFlares":true,"showImageEffects":true,"showParticleSystems":true,"showVisualEffectGraphs":true,"m_FxEnabled":true},"in2DMode":false,"pivot":{"x":1.6070115566253663,"y":-0.7296388149261475,"z":22.057600021362306},"rotation":{"x":0.4844188690185547,"y":0.04430587217211723,"z":-0.024596497416496278,"w":0.8733893036842346},"size":8.33154582977295,"orthographic":true}