{"cameraMode":{"drawMode":0,"name":"Shaded","section":"Shading Mode"},"sceneLighting":true,"audioPlay":false,"sceneViewState":{"m_AlwaysRefresh":false,"showFog":true,"showSkybox":true,"showFlares":true,"showImageEffects":true,"showParticleSystems":true,"showVisualEffectGraphs":true,"m_FxEnabled":true},"in2DMode":false,"pivot":{"x":-27.004459381103517,"y":-1.6873407363891602,"z":125.25801849365235},"rotation":{"x":0.37807196378707888,"y":-0.6216104030609131,"z":0.49756744503974917,"w":0.4723639190196991},"size":25.485309600830079,"orthographic":false}